Date,sector,close_price,fetched_at
2025-12-11,Nifty 50,25898.55078125,2026-04-25 07:24:54.331884
2025-12-11,Nifty Auto,27661.0,2026-04-25 07:24:54.331884
2025-12-11,Nifty Bank,59209.8515625,2026-04-25 07:24:54.331884
2025-12-11,Nifty Energy,34751.94921875,2026-04-25 07:24:54.331884
2025-12-11,Nifty FMCG,54619.6484375,2026-04-25 07:24:54.331884
2025-12-11,Nifty IT,38097.0,2026-04-25 07:24:54.331884
2025-12-11,Nifty Infra,9440.25,2026-04-25 07:24:54.331884
2025-12-11,Nifty Metal,10266.849609375,2026-04-25 07:24:54.331884
2025-12-11,Nifty Pharma,22783.44921875,2026-04-25 07:24:54.331884
2025-12-11,Nifty Realty,873.2000122070312,2026-04-25 07:24:54.331884
2025-12-12,Nifty 50,26046.94921875,2026-04-25 07:24:54.331884
2025-12-12,Nifty Auto,27820.849609375,2026-04-25 07:24:54.331884
2025-12-12,Nifty Bank,59389.94921875,2026-04-25 07:24:54.331884
2025-12-12,Nifty Energy,35039.8515625,2026-04-25 07:24:54.331884
2025-12-12,Nifty FMCG,54490.80078125,2026-04-25 07:24:54.331884
2025-12-12,Nifty IT,38274.75,2026-04-25 07:24:54.331884
2025-12-12,Nifty Infra,9551.5498046875,2026-04-25 07:24:54.331884
2025-12-12,Nifty Metal,10536.4501953125,2026-04-25 07:24:54.331884
2025-12-12,Nifty Pharma,22808.69921875,2026-04-25 07:24:54.331884
2025-12-12,Nifty Realty,886.5499877929688,2026-04-25 07:24:54.331884
2025-12-15,Nifty 50,26027.30078125,2026-04-25 07:24:54.331884
2025-12-15,Nifty Auto,27568.099609375,2026-04-25 07:24:54.331884
2025-12-15,Nifty Bank,59461.80078125,2026-04-25 07:24:54.331884
2025-12-15,Nifty Energy,35028.1484375,2026-04-25 07:24:54.331884
2025-12-15,Nifty FMCG,54868.3984375,2026-04-25 07:24:54.331884
2025-12-15,Nifty IT,38386.30078125,2026-04-25 07:24:54.331884
2025-12-15,Nifty Infra,9549.349609375,2026-04-25 07:24:54.331884
2025-12-15,Nifty Metal,10553.150390625,2026-04-25 07:24:54.331884
2025-12-15,Nifty Pharma,22719.400390625,2026-04-25 07:24:54.331884
2025-12-15,Nifty Realty,886.1500244140625,2026-04-25 07:24:54.331884
2025-12-16,Nifty 50,25860.099609375,2026-04-25 07:24:54.331884
2025-12-16,Nifty Auto,27542.19921875,2026-04-25 07:24:54.331884
2025-12-16,Nifty Bank,59034.6015625,2026-04-25 07:24:54.331884
2025-12-16,Nifty Energy,34769.25,2026-04-25 07:24:54.331884
2025-12-16,Nifty FMCG,54863.44921875,2026-04-25 07:24:54.331884
2025-12-16,Nifty IT,38062.5,2026-04-25 07:24:54.331884
2025-12-16,Nifty Infra,9508.900390625,2026-04-25 07:24:54.331884
2025-12-16,Nifty Metal,10464.349609375,2026-04-25 07:24:54.331884
2025-12-16,Nifty Pharma,22591.5,2026-04-25 07:24:54.331884
2025-12-16,Nifty Realty,874.75,2026-04-25 07:24:54.331884
2025-12-17,Nifty 50,25818.55078125,2026-04-25 07:24:54.331884
2025-12-17,Nifty Auto,27489.25,2026-04-25 07:24:54.331884
2025-12-17,Nifty Bank,58926.75,2026-04-25 07:24:54.331884
2025-12-17,Nifty Energy,34737.0,2026-04-25 07:24:54.331884
2025-12-17,Nifty FMCG,54603.3984375,2026-04-25 07:24:54.331884
2025-12-17,Nifty IT,38172.05078125,2026-04-25 07:24:54.331884
2025-12-17,Nifty Infra,9495.5498046875,2026-04-25 07:24:54.331884
2025-12-17,Nifty Metal,10490.150390625,2026-04-25 07:24:54.331884
2025-12-17,Nifty Pharma,22612.150390625,2026-04-25 07:24:54.331884
2025-12-17,Nifty Realty,867.4000244140625,2026-04-25 07:24:54.331884
2025-12-18,Nifty 50,25815.55078125,2026-04-25 07:24:54.331884
2025-12-18,Nifty Auto,27321.900390625,2026-04-25 07:24:54.331884
2025-12-18,Nifty Bank,58912.8515625,2026-04-25 07:24:54.331884
2025-12-18,Nifty Energy,34464.30078125,2026-04-25 07:24:54.331884
2025-12-18,Nifty FMCG,54546.44921875,2026-04-25 07:24:54.331884
2025-12-18,Nifty IT,38633.3515625,2026-04-25 07:24:54.331884
2025-12-18,Nifty Infra,9463.2001953125,2026-04-25 07:24:54.331884
2025-12-18,Nifty Metal,10516.150390625,2026-04-25 07:24:54.331884
2025-12-18,Nifty Pharma,22557.599609375,2026-04-25 07:24:54.331884
2025-12-18,Nifty Realty,870.3499755859375,2026-04-25 07:24:54.331884
2025-12-19,Nifty 50,25966.400390625,2026-04-25 07:24:54.331884
2025-12-19,Nifty Auto,27657.25,2026-04-25 07:24:54.331884
2025-12-19,Nifty Bank,59069.19921875,2026-04-25 07:24:54.331884
2025-12-19,Nifty Energy,34796.3984375,2026-04-25 07:24:54.331884
2025-12-19,Nifty FMCG,54781.3515625,2026-04-25 07:24:54.331884
2025-12-19,Nifty IT,38691.6015625,2026-04-25 07:24:54.331884
2025-12-19,Nifty Infra,9557.2001953125,2026-04-25 07:24:54.331884
2025-12-19,Nifty Metal,10521.099609375,2026-04-25 07:24:54.331884
2025-12-19,Nifty Pharma,22751.25,2026-04-25 07:24:54.331884
2025-12-19,Nifty Realty,884.9000244140625,2026-04-25 07:24:54.331884
2025-12-22,Nifty 50,26172.400390625,2026-04-25 07:24:54.331884
2025-12-22,Nifty Auto,27885.30078125,2026-04-25 07:24:54.331884
2025-12-22,Nifty Bank,59304.0,2026-04-25 07:24:54.331884
2025-12-22,Nifty Energy,35025.44921875,2026-04-25 07:24:54.331884
2025-12-22,Nifty FMCG,55062.6484375,2026-04-25 07:24:54.331884
2025-12-22,Nifty IT,39488.0,2026-04-25 07:24:54.331884
2025-12-22,Nifty Infra,9630.900390625,2026-04-25 07:24:54.331884
2025-12-22,Nifty Metal,10669.0,2026-04-25 07:24:54.331884
2025-12-22,Nifty Pharma,22927.900390625,2026-04-25 07:24:54.331884
2025-12-22,Nifty Realty,885.1500244140625,2026-04-25 07:24:54.331884
2025-12-23,Nifty 50,26177.150390625,2026-04-25 07:24:54.331884
2025-12-23,Nifty Auto,27892.05078125,2026-04-25 07:24:54.331884
2025-12-23,Nifty Bank,59299.55078125,2026-04-25 07:24:54.331884
2025-12-23,Nifty Energy,35214.25,2026-04-25 07:24:54.331884
2025-12-23,Nifty FMCG,55348.6484375,2026-04-25 07:24:54.331884
2025-12-23,Nifty IT,39173.69921875,2026-04-25 07:24:54.331884
2025-12-23,Nifty Infra,9615.7001953125,2026-04-25 07:24:54.331884
2025-12-23,Nifty Metal,10727.0498046875,2026-04-25 07:24:54.331884
2025-12-23,Nifty Pharma,22875.099609375,2026-04-25 07:24:54.331884
2025-12-23,Nifty Realty,883.6500244140625,2026-04-25 07:24:54.331884
2025-12-24,Nifty 50,26142.099609375,2026-04-25 07:24:54.331884
2025-12-24,Nifty Auto,27885.650390625,2026-04-25 07:24:54.331884
2025-12-24,Nifty Bank,59183.6015625,2026-04-25 07:24:54.331884
2025-12-24,Nifty Energy,35095.1015625,2026-04-25 07:24:54.331884
2025-12-24,Nifty FMCG,55113.75,2026-04-25 07:24:54.331884
2025-12-24,Nifty IT,38974.80078125,2026-04-25 07:24:54.331884
2025-12-24,Nifty Infra,9587.4501953125,2026-04-25 07:24:54.331884
2025-12-24,Nifty Metal,10742.75,2026-04-25 07:24:54.331884
2025-12-24,Nifty Pharma,22757.400390625,2026-04-25 07:24:54.331884
2025-12-24,Nifty Realty,885.1500244140625,2026-04-25 07:24:54.331884
2025-12-26,Nifty 50,26042.30078125,2026-04-25 07:24:54.331884
2025-12-26,Nifty Auto,27739.849609375,2026-04-25 07:24:54.331884
2025-12-26,Nifty Bank,59011.3515625,2026-04-25 07:24:54.331884
2025-12-26,Nifty Energy,35058.80078125,2026-04-25 07:24:54.331884
2025-12-26,Nifty FMCG,55132.05078125,2026-04-25 07:24:54.331884
2025-12-26,Nifty IT,38572.30078125,2026-04-25 07:24:54.331884
2025-12-26,Nifty Infra,9564.4501953125,2026-04-25 07:24:54.331884
2025-12-26,Nifty Metal,10806.150390625,2026-04-25 07:24:54.331884
2025-12-26,Nifty Pharma,22684.650390625,2026-04-25 07:24:54.331884
2025-12-26,Nifty Realty,883.1500244140625,2026-04-25 07:24:54.331884
2025-12-29,Nifty 50,25942.099609375,2026-04-25 07:24:54.331884
2025-12-29,Nifty Auto,27592.5,2026-04-25 07:24:54.331884
2025-12-29,Nifty Bank,58932.3515625,2026-04-25 07:24:54.331884
2025-12-29,Nifty Energy,34868.75,2026-04-25 07:24:54.331884
2025-12-29,Nifty FMCG,55192.44921875,2026-04-25 07:24:54.331884
2025-12-29,Nifty IT,38282.69921875,2026-04-25 07:24:54.331884
2025-12-29,Nifty Infra,9518.5498046875,2026-04-25 07:24:54.331884
2025-12-29,Nifty Metal,10789.099609375,2026-04-25 07:24:54.331884
2025-12-29,Nifty Pharma,22578.30078125,2026-04-25 07:24:54.331884
2025-12-29,Nifty Realty,877.2000122070312,2026-04-25 07:24:54.331884
2025-12-30,Nifty 50,25938.849609375,2026-04-25 07:24:54.331884
2025-12-30,Nifty Auto,27889.650390625,2026-04-25 07:24:54.331884
2025-12-30,Nifty Bank,59171.25,2026-04-25 07:24:54.331884
2025-12-30,Nifty Energy,34813.8984375,2026-04-25 07:24:54.331884
2025-12-30,Nifty FMCG,55033.1484375,2026-04-25 07:24:54.331884
2025-12-30,Nifty IT,37998.6015625,2026-04-25 07:24:54.331884
2025-12-30,Nifty Infra,9505.650390625,2026-04-25 07:24:54.331884
2025-12-30,Nifty Metal,11007.650390625,2026-04-25 07:24:54.331884
2025-12-30,Nifty Pharma,22540.05078125,2026-04-25 07:24:54.331884
2025-12-30,Nifty Realty,869.7999877929688,2026-04-25 07:24:54.331884
2025-12-31,Nifty 50,26129.599609375,2026-04-25 07:24:54.331884
2025-12-31,Nifty Auto,28189.599609375,2026-04-25 07:24:54.331884
2025-12-31,Nifty Bank,59581.8515625,2026-04-25 07:24:54.331884
2025-12-31,Nifty Energy,35325.6484375,2026-04-25 07:24:54.331884
2025-12-31,Nifty FMCG,55475.6484375,2026-04-25 07:24:54.331884
2025-12-31,Nifty IT,37884.05078125,2026-04-25 07:24:54.331884
2025-12-31,Nifty Infra,9616.349609375,2026-04-25 07:24:54.331884
2025-12-31,Nifty Metal,11167.650390625,2026-04-25 07:24:54.331884
2025-12-31,Nifty Pharma,22723.650390625,2026-04-25 07:24:54.331884
2025-12-31,Nifty Realty,877.9500122070312,2026-04-25 07:24:54.331884
2026-01-01,Nifty 50,26146.55078125,2026-04-25 07:24:54.331884
2026-01-01,Nifty Bank,59711.55078125,2026-04-25 07:24:54.331884
2026-01-01,Nifty IT,38171.5,2026-04-25 07:24:54.331884
2026-01-02,Nifty 50,26328.55078125,2026-04-25 07:24:54.331884
2026-01-02,Nifty Auto,28803.650390625,2026-04-25 07:24:54.331884
2026-01-02,Nifty Bank,60150.94921875,2026-04-25 07:24:54.331884
2026-01-02,Nifty Energy,36275.6484375,2026-04-25 07:24:54.331884
2026-01-02,Nifty FMCG,53078.80078125,2026-04-25 07:24:54.331884
2026-01-02,Nifty IT,38320.30078125,2026-04-25 07:24:54.331884
2026-01-02,Nifty Infra,9765.75,2026-04-25 07:24:54.331884
2026-01-02,Nifty Metal,11421.849609375,2026-04-25 07:24:54.331884
2026-01-02,Nifty Pharma,22790.900390625,2026-04-25 07:24:54.331884
2026-01-02,Nifty Realty,898.7999877929688,2026-04-25 07:24:54.331884
2026-01-05,Nifty 50,26250.30078125,2026-04-25 07:24:54.331884
2026-01-05,Nifty Auto,28894.150390625,2026-04-25 07:24:54.331884
2026-01-05,Nifty Bank,60044.19921875,2026-04-25 07:24:54.331884
2026-01-05,Nifty Energy,36050.05078125,2026-04-25 07:24:54.331884
2026-01-05,Nifty FMCG,53441.1015625,2026-04-25 07:24:54.331884
2026-01-05,Nifty IT,37771.1484375,2026-04-25 07:24:54.331884
2026-01-05,Nifty Infra,9726.650390625,2026-04-25 07:24:54.331884
2026-01-05,Nifty Metal,11490.7998046875,2026-04-25 07:24:54.331884
2026-01-05,Nifty Pharma,22743.400390625,2026-04-25 07:24:54.331884
2026-01-05,Nifty Realty,917.4000244140625,2026-04-25 07:24:54.331884
2026-01-06,Nifty 50,26178.69921875,2026-04-25 07:24:54.331884
2026-01-06,Nifty Auto,28922.349609375,2026-04-25 07:24:54.331884
2026-01-06,Nifty Bank,60118.3984375,2026-04-25 07:24:54.331884
2026-01-06,Nifty Energy,35849.1484375,2026-04-25 07:24:54.331884
2026-01-06,Nifty FMCG,53561.94921875,2026-04-25 07:24:54.331884
2026-01-06,Nifty IT,37977.3984375,2026-04-25 07:24:54.331884
2026-01-06,Nifty Infra,9611.599609375,2026-04-25 07:24:54.331884
2026-01-06,Nifty Metal,11524.0498046875,2026-04-25 07:24:54.331884
2026-01-06,Nifty Pharma,23126.849609375,2026-04-25 07:24:54.331884
2026-01-06,Nifty Realty,914.3499755859375,2026-04-25 07:24:54.331884
2026-01-07,Nifty 50,26140.75,2026-04-25 07:24:54.331884
2026-01-07,Nifty Auto,28692.400390625,2026-04-25 07:24:54.331884
2026-01-07,Nifty Bank,59990.8515625,2026-04-25 07:24:54.331884
2026-01-07,Nifty Energy,35763.5,2026-04-25 07:24:54.331884
2026-01-07,Nifty FMCG,53493.80078125,2026-04-25 07:24:54.331884
2026-01-07,Nifty IT,38688.80078125,2026-04-25 07:24:54.331884
2026-01-07,Nifty Infra,9563.2001953125,2026-04-25 07:24:54.331884
2026-01-07,Nifty Metal,11524.0,2026-04-25 07:24:54.331884
2026-01-07,Nifty Pharma,23286.25,2026-04-25 07:24:54.331884
2026-01-07,Nifty Realty,909.7999877929688,2026-04-25 07:24:54.331884
2026-01-08,Nifty 50,25876.849609375,2026-04-25 07:24:54.331884
2026-01-08,Nifty Auto,28414.94921875,2026-04-25 07:24:54.331884
2026-01-08,Nifty Bank,59686.5,2026-04-25 07:24:54.331884
2026-01-08,Nifty Energy,34729.6484375,2026-04-25 07:24:54.331884
2026-01-08,Nifty FMCG,53010.1484375,2026-04-25 07:24:54.331884
2026-01-08,Nifty IT,37920.30078125,2026-04-25 07:24:54.331884
2026-01-08,Nifty Infra,9383.349609375,2026-04-25 07:24:54.331884
2026-01-08,Nifty Metal,11132.0,2026-04-25 07:24:54.331884
2026-01-08,Nifty Pharma,22962.55078125,2026-04-25 07:24:54.331884
2026-01-08,Nifty Realty,894.25,2026-04-25 07:24:54.331884
2026-01-09,Nifty 50,25683.30078125,2026-04-25 07:24:54.331884
2026-01-09,Nifty Auto,28087.650390625,2026-04-25 07:24:54.331884
2026-01-09,Nifty Bank,59251.55078125,2026-04-25 07:24:54.331884
2026-01-09,Nifty Energy,34409.30078125,2026-04-25 07:24:54.331884
2026-01-09,Nifty FMCG,52438.1484375,2026-04-25 07:24:54.331884
2026-01-09,Nifty IT,38027.19921875,2026-04-25 07:24:54.331884
2026-01-09,Nifty Infra,9303.2998046875,2026-04-25 07:24:54.331884
2026-01-09,Nifty Metal,11094.7998046875,2026-04-25 07:24:54.331884
2026-01-09,Nifty Pharma,22761.0,2026-04-25 07:24:54.331884
2026-01-09,Nifty Realty,874.0,2026-04-25 07:24:54.331884
2026-01-12,Nifty 50,25790.25,2026-04-25 07:24:54.331884
2026-01-12,Nifty Auto,28011.75,2026-04-25 07:24:54.331884
2026-01-12,Nifty Bank,59450.5,2026-04-25 07:24:54.331884
2026-01-12,Nifty Energy,34473.55078125,2026-04-25 07:24:54.331884
2026-01-12,Nifty FMCG,52745.5,2026-04-25 07:24:54.331884
2026-01-12,Nifty IT,37988.25,2026-04-25 07:24:54.331884
2026-01-12,Nifty Infra,9332.7998046875,2026-04-25 07:24:54.331884
2026-01-12,Nifty Metal,11315.75,2026-04-25 07:24:54.331884
2026-01-12,Nifty Pharma,22668.44921875,2026-04-25 07:24:54.331884
2026-01-12,Nifty Realty,863.2999877929688,2026-04-25 07:24:54.331884
2026-01-13,Nifty 50,25732.30078125,2026-04-25 07:24:54.331884
2026-01-13,Nifty Auto,27915.099609375,2026-04-25 07:24:54.331884
2026-01-13,Nifty Bank,59578.80078125,2026-04-25 07:24:54.331884
2026-01-13,Nifty Energy,34416.69921875,2026-04-25 07:24:54.331884
2026-01-13,Nifty FMCG,52577.1484375,2026-04-25 07:24:54.331884
2026-01-13,Nifty IT,38236.6015625,2026-04-25 07:24:54.331884
2026-01-13,Nifty Infra,9226.5498046875,2026-04-25 07:24:54.331884
2026-01-13,Nifty Metal,11355.2001953125,2026-04-25 07:24:54.331884
2026-01-13,Nifty Pharma,22562.30078125,2026-04-25 07:24:54.331884
2026-01-13,Nifty Realty,857.9500122070312,2026-04-25 07:24:54.331884
2026-01-14,Nifty 50,25665.599609375,2026-04-25 07:24:54.331884
2026-01-14,Nifty Auto,27721.849609375,2026-04-25 07:24:54.331884
2026-01-14,Nifty Bank,59580.1484375,2026-04-25 07:24:54.331884
2026-01-14,Nifty Energy,34622.25,2026-04-25 07:24:54.331884
2026-01-14,Nifty FMCG,52258.6484375,2026-04-25 07:24:54.331884
2026-01-14,Nifty IT,37822.69921875,2026-04-25 07:24:54.331884
2026-01-14,Nifty Infra,9258.349609375,2026-04-25 07:24:54.331884
2026-01-14,Nifty Metal,11661.400390625,2026-04-25 07:24:54.331884
2026-01-14,Nifty Pharma,22505.400390625,2026-04-25 07:24:54.331884
2026-01-14,Nifty Realty,850.0499877929688,2026-04-25 07:24:54.331884
2026-01-16,Nifty 50,25694.349609375,2026-04-25 07:24:54.331884
2026-01-16,Nifty Auto,27596.25,2026-04-25 07:24:54.331884
2026-01-16,Nifty Bank,60095.1484375,2026-04-25 07:24:54.331884
2026-01-16,Nifty Energy,34346.3515625,2026-04-25 07:24:54.331884
2026-01-16,Nifty FMCG,52142.5,2026-04-25 07:24:54.331884
2026-01-16,Nifty IT,39086.6484375,2026-04-25 07:24:54.331884
2026-01-16,Nifty Infra,9252.400390625,2026-04-25 07:24:54.331884
2026-01-16,Nifty Metal,11600.0498046875,2026-04-25 07:24:54.331884
2026-01-16,Nifty Pharma,22217.05078125,2026-04-25 07:24:54.331884
2026-01-16,Nifty Realty,853.0,2026-04-25 07:24:54.331884
2026-01-19,Nifty 50,25585.5,2026-04-25 07:24:54.331884
2026-01-19,Nifty Auto,27632.44921875,2026-04-25 07:24:54.331884
2026-01-19,Nifty Bank,59891.3515625,2026-04-25 07:24:54.331884
2026-01-19,Nifty Energy,34116.80078125,2026-04-25 07:24:54.331884
2026-01-19,Nifty FMCG,52489.94921875,2026-04-25 07:24:54.331884
2026-01-19,Nifty IT,38902.5,2026-04-25 07:24:54.331884
2026-01-19,Nifty Infra,9168.75,2026-04-25 07:24:54.331884
2026-01-19,Nifty Metal,11593.0498046875,2026-04-25 07:24:54.331884
2026-01-19,Nifty Pharma,22136.25,2026-04-25 07:24:54.331884
2026-01-19,Nifty Realty,836.0,2026-04-25 07:24:54.331884
2026-01-20,Nifty 50,25232.5,2026-04-25 07:24:54.331884
2026-01-20,Nifty Auto,26948.099609375,2026-04-25 07:24:54.331884
2026-01-20,Nifty Bank,59404.19921875,2026-04-25 07:24:54.331884
2026-01-20,Nifty Energy,33360.0,2026-04-25 07:24:54.331884
2026-01-20,Nifty FMCG,51713.0,2026-04-25 07:24:54.331884
2026-01-20,Nifty IT,38101.05078125,2026-04-25 07:24:54.331884
2026-01-20,Nifty Infra,9003.25,2026-04-25 07:24:54.331884
2026-01-20,Nifty Metal,11374.4501953125,2026-04-25 07:24:54.331884
2026-01-20,Nifty Pharma,21714.30078125,2026-04-25 07:24:54.331884
2026-01-20,Nifty Realty,793.9000244140625,2026-04-25 07:24:54.331884
2026-01-21,Nifty 50,25157.5,2026-04-25 07:24:54.331884
2026-01-21,Nifty Auto,26871.25,2026-04-25 07:24:54.331884
2026-01-21,Nifty Bank,58800.30078125,2026-04-25 07:24:54.331884
2026-01-21,Nifty Energy,33370.05078125,2026-04-25 07:24:54.331884
2026-01-21,Nifty FMCG,51402.5,2026-04-25 07:24:54.331884
2026-01-21,Nifty IT,37992.30078125,2026-04-25 07:24:54.331884
2026-01-21,Nifty Infra,9015.5,2026-04-25 07:24:54.331884
2026-01-21,Nifty Metal,11438.9501953125,2026-04-25 07:24:54.331884
2026-01-21,Nifty Pharma,21584.400390625,2026-04-25 07:24:54.331884
2026-01-21,Nifty Realty,788.2999877929688,2026-04-25 07:24:54.331884
2026-01-22,Nifty 50,25289.900390625,2026-04-25 07:24:54.331884
2026-01-22,Nifty Auto,27110.19921875,2026-04-25 07:24:54.331884
2026-01-22,Nifty Bank,59200.1015625,2026-04-25 07:24:54.331884
2026-01-22,Nifty Energy,33747.0,2026-04-25 07:24:54.331884
2026-01-22,Nifty FMCG,51978.3984375,2026-04-25 07:24:54.331884
2026-01-22,Nifty IT,38301.75,2026-04-25 07:24:54.331884
2026-01-22,Nifty Infra,9079.650390625,2026-04-25 07:24:54.331884
2026-01-22,Nifty Metal,11573.7001953125,2026-04-25 07:24:54.331884
2026-01-22,Nifty Pharma,21928.0,2026-04-25 07:24:54.331884
2026-01-22,Nifty Realty,782.5,2026-04-25 07:24:54.331884
2026-01-23,Nifty 50,25048.650390625,2026-04-25 07:24:54.331884
2026-01-23,Nifty Auto,26804.55078125,2026-04-25 07:24:54.331884
2026-01-23,Nifty Bank,58473.1015625,2026-04-25 07:24:54.331884
2026-01-23,Nifty Energy,33098.30078125,2026-04-25 07:24:54.331884
2026-01-23,Nifty FMCG,51662.05078125,2026-04-25 07:24:54.331884
2026-01-23,Nifty IT,38238.5,2026-04-25 07:24:54.331884
2026-01-23,Nifty Infra,8926.0498046875,2026-04-25 07:24:54.331884
2026-01-23,Nifty Metal,11477.7998046875,2026-04-25 07:24:54.331884
2026-01-23,Nifty Pharma,21722.25,2026-04-25 07:24:54.331884
2026-01-23,Nifty Realty,756.3499755859375,2026-04-25 07:24:54.331884
2026-01-27,Nifty 50,25175.400390625,2026-04-25 07:24:54.331884
2026-01-27,Nifty Auto,26554.0,2026-04-25 07:24:54.331884
2026-01-27,Nifty Bank,59205.44921875,2026-04-25 07:24:54.331884
2026-01-27,Nifty Energy,33293.1015625,2026-04-25 07:24:54.331884
2026-01-27,Nifty FMCG,51349.75,2026-04-25 07:24:54.331884
2026-01-27,Nifty IT,38566.1015625,2026-04-25 07:24:54.331884
2026-01-27,Nifty Infra,8983.7998046875,2026-04-25 07:24:54.331884
2026-01-27,Nifty Metal,11829.650390625,2026-04-25 07:24:54.331884
2026-01-27,Nifty Pharma,21788.44921875,2026-04-25 07:24:54.331884
2026-01-27,Nifty Realty,759.4000244140625,2026-04-25 07:24:54.331884
2026-01-28,Nifty 50,25342.75,2026-04-25 07:24:54.331884
2026-01-28,Nifty Auto,26737.599609375,2026-04-25 07:24:54.331884
2026-01-28,Nifty Bank,59598.80078125,2026-04-25 07:24:54.331884
2026-01-28,Nifty Energy,34685.44921875,2026-04-25 07:24:54.331884
2026-01-28,Nifty FMCG,50985.44921875,2026-04-25 07:24:54.331884
2026-01-28,Nifty IT,38725.3515625,2026-04-25 07:24:54.331884
2026-01-28,Nifty Infra,9083.75,2026-04-25 07:24:54.331884
2026-01-28,Nifty Metal,12106.4501953125,2026-04-25 07:24:54.331884
2026-01-28,Nifty Pharma,21739.849609375,2026-04-25 07:24:54.331884
2026-01-28,Nifty Realty,771.2999877929688,2026-04-25 07:24:54.331884
2026-01-29,Nifty 50,25418.900390625,2026-04-25 07:24:54.331884
2026-01-29,Nifty Auto,26555.400390625,2026-04-25 07:24:54.331884
2026-01-29,Nifty Bank,59957.8515625,2026-04-25 07:24:54.331884
2026-01-29,Nifty Energy,35335.19921875,2026-04-25 07:24:54.331884
2026-01-29,Nifty FMCG,50523.8984375,2026-04-25 07:24:54.331884
2026-01-29,Nifty IT,38431.30078125,2026-04-25 07:24:54.331884
2026-01-29,Nifty Infra,9160.650390625,2026-04-25 07:24:54.331884
2026-01-29,Nifty Metal,12478.0498046875,2026-04-25 07:24:54.331884
2026-01-29,Nifty Pharma,21564.0,2026-04-25 07:24:54.331884
2026-01-29,Nifty Realty,776.5,2026-04-25 07:24:54.331884
2026-01-30,Nifty 50,25320.650390625,2026-04-25 07:24:54.331884
2026-01-30,Nifty Auto,26750.349609375,2026-04-25 07:24:54.331884
2026-01-30,Nifty Bank,59610.44921875,2026-04-25 07:24:54.331884
2026-01-30,Nifty Energy,35138.05078125,2026-04-25 07:24:54.331884
2026-01-30,Nifty FMCG,51215.19921875,2026-04-25 07:24:54.331884
2026-01-30,Nifty IT,38036.1484375,2026-04-25 07:24:54.331884
2026-01-30,Nifty Infra,9153.2001953125,2026-04-25 07:24:54.331884
2026-01-30,Nifty Metal,11827.5498046875,2026-04-25 07:24:54.331884
2026-01-30,Nifty Pharma,21715.099609375,2026-04-25 07:24:54.331884
2026-01-30,Nifty Realty,783.0,2026-04-25 07:24:54.331884
2026-02-02,Nifty 50,25088.400390625,2026-04-25 07:24:54.331884
2026-02-02,Nifty Auto,26749.150390625,2026-04-25 07:24:54.331884
2026-02-02,Nifty Bank,58619.0,2026-04-25 07:24:54.331884
2026-02-02,Nifty Energy,34613.30078125,2026-04-25 07:24:54.331884
2026-02-02,Nifty FMCG,50623.19921875,2026-04-25 07:24:54.331884
2026-02-02,Nifty IT,38074.1484375,2026-04-25 07:24:54.331884
2026-02-02,Nifty Infra,9125.25,2026-04-25 07:24:54.331884
2026-02-02,Nifty Metal,11561.5498046875,2026-04-25 07:24:54.331884
2026-02-02,Nifty Pharma,21549.55078125,2026-04-25 07:24:54.331884
2026-02-02,Nifty Realty,778.0,2026-04-25 07:24:54.331884
2026-02-03,Nifty 50,25727.55078125,2026-04-25 07:24:54.331884
2026-02-03,Nifty Auto,27500.30078125,2026-04-25 07:24:54.331884
2026-02-03,Nifty Bank,60041.30078125,2026-04-25 07:24:54.331884
2026-02-03,Nifty Energy,35657.55078125,2026-04-25 07:24:54.331884
2026-02-03,Nifty FMCG,50806.6484375,2026-04-25 07:24:54.331884
2026-02-03,Nifty IT,38611.75,2026-04-25 07:24:54.331884
2026-02-03,Nifty Infra,9402.099609375,2026-04-25 07:24:54.331884
2026-02-03,Nifty Metal,11893.2001953125,2026-04-25 07:24:54.331884
2026-02-03,Nifty Pharma,22200.25,2026-04-25 07:24:54.331884
2026-02-03,Nifty Realty,815.2999877929688,2026-04-25 07:24:54.331884
2026-02-04,Nifty 50,25776.0,2026-04-25 07:24:54.331884
2026-02-04,Nifty Auto,27825.400390625,2026-04-25 07:24:54.331884
2026-02-04,Nifty Bank,60238.1484375,2026-04-25 07:24:54.331884
2026-02-04,Nifty Energy,36370.3515625,2026-04-25 07:24:54.331884
2026-02-04,Nifty FMCG,50922.75,2026-04-25 07:24:54.331884
2026-02-04,Nifty IT,36345.6484375,2026-04-25 07:24:54.331884
2026-02-04,Nifty Infra,9549.4501953125,2026-04-25 07:24:54.331884
2026-02-04,Nifty Metal,12044.25,2026-04-25 07:24:54.331884
2026-02-04,Nifty Pharma,22125.80078125,2026-04-25 07:24:54.331884
2026-02-04,Nifty Realty,824.4500122070312,2026-04-25 07:24:54.331884
2026-02-05,Nifty 50,25642.80078125,2026-04-25 07:24:54.331884
2026-02-05,Nifty Auto,27664.5,2026-04-25 07:24:54.331884
2026-02-05,Nifty Bank,60063.6484375,2026-04-25 07:24:54.331884
2026-02-05,Nifty Energy,36230.3515625,2026-04-25 07:24:54.331884
2026-02-05,Nifty FMCG,50731.6484375,2026-04-25 07:24:54.331884
2026-02-05,Nifty IT,36143.30078125,2026-04-25 07:24:54.331884
2026-02-05,Nifty Infra,9502.400390625,2026-04-25 07:24:54.331884
2026-02-05,Nifty Metal,11921.2001953125,2026-04-25 07:24:54.331884
2026-02-05,Nifty Pharma,22119.900390625,2026-04-25 07:24:54.331884
2026-02-05,Nifty Realty,819.7000122070312,2026-04-25 07:24:54.331884
2026-02-06,Nifty 50,25693.69921875,2026-04-25 07:24:54.331884
2026-02-06,Nifty Auto,27519.55078125,2026-04-25 07:24:54.331884
2026-02-06,Nifty Bank,60120.55078125,2026-04-25 07:24:54.331884
2026-02-06,Nifty Energy,36451.69921875,2026-04-25 07:24:54.331884
2026-02-06,Nifty FMCG,51882.75,2026-04-25 07:24:54.331884
2026-02-06,Nifty IT,35611.05078125,2026-04-25 07:24:54.331884
2026-02-06,Nifty Infra,9541.0,2026-04-25 07:24:54.331884
2026-02-06,Nifty Metal,11943.150390625,2026-04-25 07:24:54.331884
2026-02-06,Nifty Pharma,21961.349609375,2026-04-25 07:24:54.331884
2026-02-06,Nifty Realty,824.8499755859375,2026-04-25 07:24:54.331884
2026-02-09,Nifty 50,25867.30078125,2026-04-25 07:24:54.331884
2026-02-09,Nifty Auto,27791.44921875,2026-04-25 07:24:54.331884
2026-02-09,Nifty Bank,60669.3515625,2026-04-25 07:24:54.331884
2026-02-09,Nifty Energy,36578.8515625,2026-04-25 07:24:54.331884
2026-02-09,Nifty FMCG,52047.30078125,2026-04-25 07:24:54.331884
2026-02-09,Nifty IT,35616.6484375,2026-04-25 07:24:54.331884
2026-02-09,Nifty Infra,9614.2998046875,2026-04-25 07:24:54.331884
2026-02-09,Nifty Metal,12129.4501953125,2026-04-25 07:24:54.331884
2026-02-09,Nifty Pharma,22290.69921875,2026-04-25 07:24:54.331884
2026-02-09,Nifty Realty,846.3499755859375,2026-04-25 07:24:54.331884
2026-02-10,Nifty 50,25935.150390625,2026-04-25 07:24:54.331884
2026-02-10,Nifty Auto,28173.19921875,2026-04-25 07:24:54.331884
2026-02-10,Nifty Bank,60626.3984375,2026-04-25 07:24:54.331884
2026-02-10,Nifty Energy,36671.0,2026-04-25 07:24:54.331884
2026-02-10,Nifty FMCG,52130.44921875,2026-04-25 07:24:54.331884
2026-02-10,Nifty IT,35722.19921875,2026-04-25 07:24:54.331884
2026-02-10,Nifty Infra,9636.9501953125,2026-04-25 07:24:54.331884
2026-02-10,Nifty Metal,12228.2998046875,2026-04-25 07:24:54.331884
2026-02-10,Nifty Pharma,22210.5,2026-04-25 07:24:54.331884
2026-02-10,Nifty Realty,849.4000244140625,2026-04-25 07:24:54.331884
2026-02-11,Nifty 50,25953.849609375,2026-04-25 07:24:54.331884
2026-02-11,Nifty Auto,28538.69921875,2026-04-25 07:24:54.331884
2026-02-11,Nifty Bank,60745.3515625,2026-04-25 07:24:54.331884
2026-02-11,Nifty Energy,36657.25,2026-04-25 07:24:54.331884
2026-02-11,Nifty FMCG,52152.1015625,2026-04-25 07:24:54.331884
2026-02-11,Nifty IT,35095.1484375,2026-04-25 07:24:54.331884
2026-02-11,Nifty Infra,9682.099609375,2026-04-25 07:24:54.331884
2026-02-11,Nifty Metal,12276.5498046875,2026-04-25 07:24:54.331884
2026-02-11,Nifty Pharma,22434.19921875,2026-04-25 07:24:54.331884
2026-02-11,Nifty Realty,854.75,2026-04-25 07:24:54.331884
2026-02-12,Nifty 50,25807.19921875,2026-04-25 07:24:54.331884
2026-02-12,Nifty Auto,28504.05078125,2026-04-25 07:24:54.331884
2026-02-12,Nifty Bank,60739.75,2026-04-25 07:24:54.331884
2026-02-12,Nifty Energy,36452.6484375,2026-04-25 07:24:54.331884
2026-02-12,Nifty FMCG,51885.75,2026-04-25 07:24:54.331884
2026-02-12,Nifty IT,33160.19921875,2026-04-25 07:24:54.331884
2026-02-12,Nifty Infra,9663.2998046875,2026-04-25 07:24:54.331884
2026-02-12,Nifty Metal,12279.2001953125,2026-04-25 07:24:54.331884
2026-02-12,Nifty Pharma,22386.30078125,2026-04-25 07:24:54.331884
2026-02-12,Nifty Realty,842.3499755859375,2026-04-25 07:24:54.331884
2026-02-13,Nifty 50,25471.099609375,2026-04-25 07:24:54.331884
2026-02-13,Nifty Auto,28234.30078125,2026-04-25 07:24:54.331884
2026-02-13,Nifty Bank,60186.6484375,2026-04-25 07:24:54.331884
2026-02-13,Nifty Energy,35709.8984375,2026-04-25 07:24:54.331884
2026-02-13,Nifty FMCG,50902.1484375,2026-04-25 07:24:54.331884
2026-02-13,Nifty IT,32681.5,2026-04-25 07:24:54.331884
2026-02-13,Nifty Infra,9542.5,2026-04-25 07:24:54.331884
2026-02-13,Nifty Metal,11872.7998046875,2026-04-25 07:24:54.331884
2026-02-13,Nifty Pharma,22194.900390625,2026-04-25 07:24:54.331884
2026-02-13,Nifty Realty,823.5999755859375,2026-04-25 07:24:54.331884
2026-02-16,Nifty 50,25682.75,2026-04-25 07:24:54.331884
2026-02-16,Nifty Auto,28028.19921875,2026-04-25 07:24:54.331884
2026-02-16,Nifty Bank,60949.1015625,2026-04-25 07:24:54.331884
2026-02-16,Nifty Energy,36386.75,2026-04-25 07:24:54.331884
2026-02-16,Nifty FMCG,51318.8515625,2026-04-25 07:24:54.331884
2026-02-16,Nifty IT,32738.05078125,2026-04-25 07:24:54.331884
2026-02-16,Nifty Infra,9654.0498046875,2026-04-25 07:24:54.331884
2026-02-16,Nifty Metal,11955.0,2026-04-25 07:24:54.331884
2026-02-16,Nifty Pharma,22403.150390625,2026-04-25 07:24:54.331884
2026-02-16,Nifty Realty,836.7000122070312,2026-04-25 07:24:54.331884
2026-02-17,Nifty 50,25725.400390625,2026-04-25 07:24:54.331884
2026-02-17,Nifty Auto,28174.55078125,2026-04-25 07:24:54.331884
2026-02-17,Nifty Bank,61174.0,2026-04-25 07:24:54.331884
2026-02-17,Nifty Energy,36388.44921875,2026-04-25 07:24:54.331884
2026-02-17,Nifty FMCG,51778.30078125,2026-04-25 07:24:54.331884
2026-02-17,Nifty IT,33075.05078125,2026-04-25 07:24:54.331884
2026-02-17,Nifty Infra,9665.900390625,2026-04-25 07:24:54.331884
2026-02-17,Nifty Metal,11828.400390625,2026-04-25 07:24:54.331884
2026-02-17,Nifty Pharma,22494.900390625,2026-04-25 07:24:54.331884
2026-02-17,Nifty Realty,834.1500244140625,2026-04-25 07:24:54.331884
2026-02-18,Nifty 50,25819.349609375,2026-04-25 07:24:54.331884
2026-02-18,Nifty Auto,28327.599609375,2026-04-25 07:24:54.331884
2026-02-18,Nifty Bank,61550.80078125,2026-04-25 07:24:54.331884
2026-02-18,Nifty Energy,36517.1015625,2026-04-25 07:24:54.331884
2026-02-18,Nifty FMCG,52406.5,2026-04-25 07:24:54.331884
2026-02-18,Nifty IT,32668.30078125,2026-04-25 07:24:54.331884
2026-02-18,Nifty Infra,9733.4501953125,2026-04-25 07:24:54.331884
2026-02-18,Nifty Metal,11985.75,2026-04-25 07:24:54.331884
2026-02-18,Nifty Pharma,22541.94921875,2026-04-25 07:24:54.331884
2026-02-18,Nifty Realty,839.2999877929688,2026-04-25 07:24:54.331884
2026-02-19,Nifty 50,25454.349609375,2026-04-25 07:24:54.331884
2026-02-19,Nifty Auto,27734.0,2026-04-25 07:24:54.331884
2026-02-19,Nifty Bank,60739.55078125,2026-04-25 07:24:54.331884
2026-02-19,Nifty Energy,36088.0,2026-04-25 07:24:54.331884
2026-02-19,Nifty FMCG,51483.6015625,2026-04-25 07:24:54.331884
2026-02-19,Nifty IT,32319.400390625,2026-04-25 07:24:54.331884
2026-02-19,Nifty Infra,9559.0498046875,2026-04-25 07:24:54.331884
2026-02-19,Nifty Metal,11842.400390625,2026-04-25 07:24:54.331884
2026-02-19,Nifty Pharma,22429.099609375,2026-04-25 07:24:54.331884
2026-02-19,Nifty Realty,817.8499755859375,2026-04-25 07:24:54.331884
2026-02-20,Nifty 50,25571.25,2026-04-25 07:24:54.331884
2026-02-20,Nifty Auto,27846.80078125,2026-04-25 07:24:54.331884
2026-02-20,Nifty Bank,61172.0,2026-04-25 07:24:54.331884
2026-02-20,Nifty Energy,36581.1484375,2026-04-25 07:24:54.331884
2026-02-20,Nifty FMCG,51772.69921875,2026-04-25 07:24:54.331884
2026-02-20,Nifty IT,32004.05078125,2026-04-25 07:24:54.331884
2026-02-20,Nifty Infra,9632.25,2026-04-25 07:24:54.331884
2026-02-20,Nifty Metal,11989.9501953125,2026-04-25 07:24:54.331884
2026-02-20,Nifty Pharma,22452.400390625,2026-04-25 07:24:54.331884
2026-02-20,Nifty Realty,820.7000122070312,2026-04-25 07:24:54.331884
2026-02-23,Nifty 50,25713.0,2026-04-25 07:24:54.331884
2026-02-23,Nifty Auto,28077.0,2026-04-25 07:24:54.331884
2026-02-23,Nifty Bank,61264.25,2026-04-25 07:24:54.331884
2026-02-23,Nifty Energy,36741.55078125,2026-04-25 07:24:54.331884
2026-02-23,Nifty FMCG,52136.3515625,2026-04-25 07:24:54.331884
2026-02-23,Nifty IT,31550.5,2026-04-25 07:24:54.331884
2026-02-23,Nifty Infra,9714.2998046875,2026-04-25 07:24:54.331884
2026-02-23,Nifty Metal,11962.75,2026-04-25 07:24:54.331884
2026-02-23,Nifty Pharma,22578.55078125,2026-04-25 07:24:54.331884
2026-02-23,Nifty Realty,819.1500244140625,2026-04-25 07:24:54.331884
2026-02-24,Nifty 50,25424.650390625,2026-04-25 07:24:54.331884
2026-02-24,Nifty Auto,27950.0,2026-04-25 07:24:54.331884
2026-02-24,Nifty Bank,61047.30078125,2026-04-25 07:24:54.331884
2026-02-24,Nifty Energy,37028.1015625,2026-04-25 07:24:54.331884
2026-02-24,Nifty FMCG,52235.25,2026-04-25 07:24:54.331884
2026-02-24,Nifty IT,30053.5,2026-04-25 07:24:54.331884
2026-02-24,Nifty Infra,9644.5498046875,2026-04-25 07:24:54.331884
2026-02-24,Nifty Metal,12073.849609375,2026-04-25 07:24:54.331884
2026-02-24,Nifty Pharma,22632.05078125,2026-04-25 07:24:54.331884
2026-02-24,Nifty Realty,798.3499755859375,2026-04-25 07:24:54.331884
2026-02-25,Nifty 50,25482.5,2026-04-25 07:24:54.331884
2026-02-25,Nifty Auto,28466.5,2026-04-25 07:24:54.331884
2026-02-25,Nifty Bank,61043.3515625,2026-04-25 07:24:54.331884
2026-02-25,Nifty Energy,37118.6015625,2026-04-25 07:24:54.331884
2026-02-25,Nifty FMCG,52105.30078125,2026-04-25 07:24:54.331884
2026-02-25,Nifty IT,30526.349609375,2026-04-25 07:24:54.331884
2026-02-25,Nifty Infra,9615.4501953125,2026-04-25 07:24:54.331884
2026-02-25,Nifty Metal,12399.400390625,2026-04-25 07:24:54.331884
2026-02-25,Nifty Pharma,23051.849609375,2026-04-25 07:24:54.331884
2026-02-25,Nifty Realty,796.8499755859375,2026-04-25 07:24:54.331884
2026-02-26,Nifty 50,25496.55078125,2026-04-25 07:24:54.331884
2026-02-26,Nifty Auto,28693.400390625,2026-04-25 07:24:54.331884
2026-02-26,Nifty Bank,61187.69921875,2026-04-25 07:24:54.331884
2026-02-26,Nifty Energy,37181.80078125,2026-04-25 07:24:54.331884
2026-02-26,Nifty FMCG,52023.0,2026-04-25 07:24:54.331884
2026-02-26,Nifty IT,30554.19921875,2026-04-25 07:24:54.331884
2026-02-26,Nifty Infra,9646.25,2026-04-25 07:24:54.331884
2026-02-26,Nifty Metal,12448.0,2026-04-25 07:24:54.331884
2026-02-26,Nifty Pharma,23301.650390625,2026-04-25 07:24:54.331884
2026-02-26,Nifty Realty,798.6500244140625,2026-04-25 07:24:54.331884
2026-02-27,Nifty 50,25178.650390625,2026-04-25 07:24:54.331884
2026-02-27,Nifty Auto,28158.849609375,2026-04-25 07:24:54.331884
2026-02-27,Nifty Bank,60529.0,2026-04-25 07:24:54.331884
2026-02-27,Nifty Energy,37045.19921875,2026-04-25 07:24:54.331884
2026-02-27,Nifty FMCG,51142.19921875,2026-04-25 07:24:54.331884
2026-02-27,Nifty IT,30603.849609375,2026-04-25 07:24:54.331884
2026-02-27,Nifty Infra,9532.650390625,2026-04-25 07:24:54.331884
2026-02-27,Nifty Metal,12240.650390625,2026-04-25 07:24:54.331884
2026-02-27,Nifty Pharma,22952.349609375,2026-04-25 07:24:54.331884
2026-02-27,Nifty Realty,780.5999755859375,2026-04-25 07:24:54.331884
2026-03-02,Nifty 50,24865.69921875,2026-04-25 07:24:54.331884
2026-03-02,Nifty Auto,27540.099609375,2026-04-25 07:24:54.331884
2026-03-02,Nifty Bank,59839.6484375,2026-04-25 07:24:54.331884
2026-03-02,Nifty Energy,36453.3984375,2026-04-25 07:24:54.331884
2026-03-02,Nifty FMCG,50751.6484375,2026-04-25 07:24:54.331884
2026-03-02,Nifty IT,30272.94921875,2026-04-25 07:24:54.331884
2026-03-02,Nifty Infra,9320.099609375,2026-04-25 07:24:54.331884
2026-03-02,Nifty Metal,12269.7998046875,2026-04-25 07:24:54.331884
2026-03-02,Nifty Pharma,22956.69921875,2026-04-25 07:24:54.331884
2026-03-02,Nifty Realty,768.0499877929688,2026-04-25 07:24:54.331884
2026-03-04,Nifty 50,24480.5,2026-04-25 07:24:54.331884
2026-03-04,Nifty Auto,26867.150390625,2026-04-25 07:24:54.331884
2026-03-04,Nifty Bank,58755.25,2026-04-25 07:24:54.331884
2026-03-04,Nifty Energy,35589.6015625,2026-04-25 07:24:54.331884
2026-03-04,Nifty FMCG,49797.5,2026-04-25 07:24:54.331884
2026-03-04,Nifty IT,30305.30078125,2026-04-25 07:24:54.331884
2026-03-04,Nifty Infra,9117.7998046875,2026-04-25 07:24:54.331884
2026-03-04,Nifty Metal,11779.75,2026-04-25 07:24:54.331884
2026-03-04,Nifty Pharma,22672.19921875,2026-04-25 07:24:54.331884
2026-03-04,Nifty Realty,744.1500244140625,2026-04-25 07:24:54.331884
2026-03-05,Nifty 50,24765.900390625,2026-04-25 07:24:54.331884
2026-03-05,Nifty Auto,27366.80078125,2026-04-25 07:24:54.331884
2026-03-05,Nifty Bank,59055.8515625,2026-04-25 07:24:54.331884
2026-03-05,Nifty Energy,36273.8515625,2026-04-25 07:24:54.331884
2026-03-05,Nifty FMCG,50000.80078125,2026-04-25 07:24:54.331884
2026-03-05,Nifty IT,30126.80078125,2026-04-25 07:24:54.331884
2026-03-05,Nifty Infra,9319.7001953125,2026-04-25 07:24:54.331884
2026-03-05,Nifty Metal,12049.2001953125,2026-04-25 07:24:54.331884
2026-03-05,Nifty Pharma,23005.5,2026-04-25 07:24:54.331884
2026-03-05,Nifty Realty,757.7999877929688,2026-04-25 07:24:54.331884
2026-03-06,Nifty 50,24450.44921875,2026-04-25 07:24:54.331884
2026-03-06,Nifty Auto,27076.400390625,2026-04-25 07:24:54.331884
2026-03-06,Nifty Bank,57783.25,2026-04-25 07:24:54.331884
2026-03-06,Nifty Energy,36319.6015625,2026-04-25 07:24:54.331884
2026-03-06,Nifty FMCG,49970.6015625,2026-04-25 07:24:54.331884
2026-03-06,Nifty IT,30138.400390625,2026-04-25 07:24:54.331884
2026-03-06,Nifty Infra,9237.0498046875,2026-04-25 07:24:54.331884
2026-03-06,Nifty Metal,12000.4501953125,2026-04-25 07:24:54.331884
2026-03-06,Nifty Pharma,22970.19921875,2026-04-25 07:24:54.331884
2026-03-06,Nifty Realty,742.0,2026-04-25 07:24:54.331884
2026-03-09,Nifty 50,24028.05078125,2026-04-25 07:24:54.331884
2026-03-09,Nifty Auto,25965.94921875,2026-04-25 07:24:54.331884
2026-03-09,Nifty Bank,56019.80078125,2026-04-25 07:24:54.331884
2026-03-09,Nifty Energy,35657.75,2026-04-25 07:24:54.331884
2026-03-09,Nifty FMCG,49192.3984375,2026-04-25 07:24:54.331884
2026-03-09,Nifty IT,30162.05078125,2026-04-25 07:24:54.331884
2026-03-09,Nifty Infra,9095.7998046875,2026-04-25 07:24:54.331884
2026-03-09,Nifty Metal,11688.7998046875,2026-04-25 07:24:54.331884
2026-03-09,Nifty Pharma,22933.75,2026-04-25 07:24:54.331884
2026-03-09,Nifty Realty,732.7999877929688,2026-04-25 07:24:54.331884
2026-03-10,Nifty 50,24261.599609375,2026-04-25 07:24:54.331884
2026-03-10,Nifty Auto,26770.55078125,2026-04-25 07:24:54.331884
2026-03-10,Nifty Bank,56950.80078125,2026-04-25 07:24:54.331884
2026-03-10,Nifty Energy,36038.94921875,2026-04-25 07:24:54.331884
2026-03-10,Nifty FMCG,49603.55078125,2026-04-25 07:24:54.331884
2026-03-10,Nifty IT,30024.05078125,2026-04-25 07:24:54.331884
2026-03-10,Nifty Infra,9139.900390625,2026-04-25 07:24:54.331884
2026-03-10,Nifty Metal,11868.5,2026-04-25 07:24:54.331884
2026-03-10,Nifty Pharma,23253.650390625,2026-04-25 07:24:54.331884
2026-03-10,Nifty Realty,744.1500244140625,2026-04-25 07:24:54.331884
2026-03-11,Nifty 50,23866.849609375,2026-04-25 07:24:54.331884
2026-03-11,Nifty Auto,25926.0,2026-04-25 07:24:54.331884
2026-03-11,Nifty Bank,55735.75,2026-04-25 07:24:54.331884
2026-03-11,Nifty Energy,36138.5,2026-04-25 07:24:54.331884
2026-03-11,Nifty FMCG,49059.69921875,2026-04-25 07:24:54.331884
2026-03-11,Nifty IT,29651.69921875,2026-04-25 07:24:54.331884
2026-03-11,Nifty Infra,9039.25,2026-04-25 07:24:54.331884
2026-03-11,Nifty Metal,11822.099609375,2026-04-25 07:24:54.331884
2026-03-11,Nifty Pharma,23348.05078125,2026-04-25 07:24:54.331884
2026-03-11,Nifty Realty,731.4000244140625,2026-04-25 07:24:54.331884
2026-03-12,Nifty 50,23639.150390625,2026-04-25 07:24:54.331884
2026-03-12,Nifty Auto,25098.0,2026-04-25 07:24:54.331884
2026-03-12,Nifty Bank,55100.94921875,2026-04-25 07:24:54.331884
2026-03-12,Nifty Energy,36834.3515625,2026-04-25 07:24:54.331884
2026-03-12,Nifty FMCG,48189.1484375,2026-04-25 07:24:54.331884
2026-03-12,Nifty IT,29579.44921875,2026-04-25 07:24:54.331884
2026-03-12,Nifty Infra,8995.400390625,2026-04-25 07:24:54.331884
2026-03-12,Nifty Metal,11863.900390625,2026-04-25 07:24:54.331884
2026-03-12,Nifty Pharma,23275.19921875,2026-04-25 07:24:54.331884
2026-03-12,Nifty Realty,719.5,2026-04-25 07:24:54.331884
2026-03-13,Nifty 50,23151.099609375,2026-04-25 07:24:54.331884
2026-03-13,Nifty Auto,24195.099609375,2026-04-25 07:24:54.331884
2026-03-13,Nifty Bank,53757.8515625,2026-04-25 07:24:54.331884
2026-03-13,Nifty Energy,36071.8515625,2026-04-25 07:24:54.331884
2026-03-13,Nifty FMCG,47924.1484375,2026-04-25 07:24:54.331884
2026-03-13,Nifty IT,29071.30078125,2026-04-25 07:24:54.331884
2026-03-13,Nifty Infra,8768.400390625,2026-04-25 07:24:54.331884
2026-03-13,Nifty Metal,11292.5,2026-04-25 07:24:54.331884
2026-03-13,Nifty Pharma,22832.19921875,2026-04-25 07:24:54.331884
2026-03-13,Nifty Realty,709.7999877929688,2026-04-25 07:24:54.331884
2026-03-16,Nifty 50,23408.80078125,2026-04-25 07:24:54.331884
2026-03-16,Nifty Auto,24599.099609375,2026-04-25 07:24:54.331884
2026-03-16,Nifty Bank,54413.3984375,2026-04-25 07:24:54.331884
2026-03-16,Nifty Energy,35682.05078125,2026-04-25 07:24:54.331884
2026-03-16,Nifty FMCG,48468.8515625,2026-04-25 07:24:54.331884
2026-03-16,Nifty IT,29042.55078125,2026-04-25 07:24:54.331884
2026-03-16,Nifty Infra,8775.650390625,2026-04-25 07:24:54.331884
2026-03-16,Nifty Metal,11318.0,2026-04-25 07:24:54.331884
2026-03-16,Nifty Pharma,22547.19921875,2026-04-25 07:24:54.331884
2026-03-16,Nifty Realty,698.6500244140625,2026-04-25 07:24:54.331884
2026-03-17,Nifty 50,23581.150390625,2026-04-25 07:24:54.331884
2026-03-17,Nifty Auto,25117.099609375,2026-04-25 07:24:54.331884
2026-03-17,Nifty Bank,54876.0,2026-04-25 07:24:54.331884
2026-03-17,Nifty Energy,35980.80078125,2026-04-25 07:24:54.331884
2026-03-17,Nifty FMCG,48104.44921875,2026-04-25 07:24:54.331884
2026-03-17,Nifty IT,28760.900390625,2026-04-25 07:24:54.331884
2026-03-17,Nifty Infra,8864.2001953125,2026-04-25 07:24:54.331884
2026-03-17,Nifty Metal,11637.349609375,2026-04-25 07:24:54.331884
2026-03-17,Nifty Pharma,22597.55078125,2026-04-25 07:24:54.331884
2026-03-17,Nifty Realty,711.25,2026-04-25 07:24:54.331884
2026-03-18,Nifty 50,23777.80078125,2026-04-25 07:24:54.331884
2026-03-18,Nifty Auto,25598.849609375,2026-04-25 07:24:54.331884
2026-03-18,Nifty Bank,55326.05078125,2026-04-25 07:24:54.331884
2026-03-18,Nifty Energy,36141.94921875,2026-04-25 07:24:54.331884
2026-03-18,Nifty FMCG,48079.0,2026-04-25 07:24:54.331884
2026-03-18,Nifty IT,29559.30078125,2026-04-25 07:24:54.331884
2026-03-18,Nifty Infra,8966.75,2026-04-25 07:24:54.331884
2026-03-18,Nifty Metal,11625.4501953125,2026-04-25 07:24:54.331884
2026-03-18,Nifty Pharma,22632.599609375,2026-04-25 07:24:54.331884
2026-03-18,Nifty Realty,730.7999877929688,2026-04-25 07:24:54.331884
2026-03-19,Nifty 50,23002.150390625,2026-04-25 07:24:54.331884
2026-03-19,Nifty Auto,24509.900390625,2026-04-25 07:24:54.331884
2026-03-19,Nifty Bank,53451.0,2026-04-25 07:24:54.331884
2026-03-19,Nifty Energy,35639.3515625,2026-04-25 07:24:54.331884
2026-03-19,Nifty FMCG,46861.94921875,2026-04-25 07:24:54.331884
2026-03-19,Nifty IT,28579.599609375,2026-04-25 07:24:54.331884
2026-03-19,Nifty Infra,8716.5498046875,2026-04-25 07:24:54.331884
2026-03-19,Nifty Metal,11249.349609375,2026-04-25 07:24:54.331884
2026-03-19,Nifty Pharma,22101.650390625,2026-04-25 07:24:54.331884
2026-03-19,Nifty Realty,702.9500122070312,2026-04-25 07:24:54.331884
2026-03-20,Nifty 50,23114.5,2026-04-25 07:24:54.331884
2026-03-20,Nifty Auto,24715.900390625,2026-04-25 07:24:54.331884
2026-03-20,Nifty Bank,53427.05078125,2026-04-25 07:24:54.331884
2026-03-20,Nifty Energy,35908.30078125,2026-04-25 07:24:54.331884
2026-03-20,Nifty FMCG,47007.55078125,2026-04-25 07:24:54.331884
2026-03-20,Nifty IT,29199.599609375,2026-04-25 07:24:54.331884
2026-03-20,Nifty Infra,8800.150390625,2026-04-25 07:24:54.331884
2026-03-20,Nifty Metal,11412.75,2026-04-25 07:24:54.331884
2026-03-20,Nifty Pharma,22540.69921875,2026-04-25 07:24:54.331884
2026-03-20,Nifty Realty,696.4000244140625,2026-04-25 07:24:54.331884
2026-03-23,Nifty 50,22512.650390625,2026-04-25 07:24:54.331884
2026-03-23,Nifty Auto,23934.75,2026-04-25 07:24:54.331884
2026-03-23,Nifty Bank,51437.75,2026-04-25 07:24:54.331884
2026-03-23,Nifty Energy,34839.44921875,2026-04-25 07:24:54.331884
2026-03-23,Nifty FMCG,45837.05078125,2026-04-25 07:24:54.331884
2026-03-23,Nifty IT,29147.05078125,2026-04-25 07:24:54.331884
2026-03-23,Nifty Infra,8573.900390625,2026-04-25 07:24:54.331884
2026-03-23,Nifty Metal,10863.4501953125,2026-04-25 07:24:54.331884
2026-03-23,Nifty Pharma,22053.099609375,2026-04-25 07:24:54.331884
2026-03-23,Nifty Realty,663.4000244140625,2026-04-25 07:24:54.331884
2026-03-24,Nifty 50,22912.400390625,2026-04-25 07:24:54.331884
2026-03-24,Nifty Auto,24515.25,2026-04-25 07:24:54.331884
2026-03-24,Nifty Bank,52605.6484375,2026-04-25 07:24:54.331884
2026-03-24,Nifty Energy,35082.44921875,2026-04-25 07:24:54.331884
2026-03-24,Nifty FMCG,46408.30078125,2026-04-25 07:24:54.331884
2026-03-24,Nifty IT,29648.900390625,2026-04-25 07:24:54.331884
2026-03-24,Nifty Infra,8734.2001953125,2026-04-25 07:24:54.331884
2026-03-24,Nifty Metal,11059.150390625,2026-04-25 07:24:54.331884
2026-03-24,Nifty Pharma,22239.80078125,2026-04-25 07:24:54.331884
2026-03-24,Nifty Realty,673.9500122070312,2026-04-25 07:24:54.331884
2026-03-25,Nifty 50,23306.44921875,2026-04-25 07:24:54.331884
2026-03-25,Nifty Auto,25058.599609375,2026-04-25 07:24:54.331884
2026-03-25,Nifty Bank,53708.1015625,2026-04-25 07:24:54.331884
2026-03-25,Nifty Energy,35556.44921875,2026-04-25 07:24:54.331884
2026-03-25,Nifty FMCG,47283.3515625,2026-04-25 07:24:54.331884
2026-03-25,Nifty IT,29671.30078125,2026-04-25 07:24:54.331884
2026-03-25,Nifty Infra,8887.5498046875,2026-04-25 07:24:54.331884
2026-03-25,Nifty Metal,11342.2001953125,2026-04-25 07:24:54.331884
2026-03-25,Nifty Pharma,22679.75,2026-04-25 07:24:54.331884
2026-03-25,Nifty Realty,692.0999755859375,2026-04-25 07:24:54.331884
2026-03-27,Nifty 50,22819.599609375,2026-04-25 07:24:54.331884
2026-03-27,Nifty Auto,24351.94921875,2026-04-25 07:24:54.331884
2026-03-27,Nifty Bank,52274.6015625,2026-04-25 07:24:54.331884
2026-03-27,Nifty Energy,35214.80078125,2026-04-25 07:24:54.331884
2026-03-27,Nifty FMCG,46427.19921875,2026-04-25 07:24:54.331884
2026-03-27,Nifty IT,29541.650390625,2026-04-25 07:24:54.331884
2026-03-27,Nifty Infra,8720.400390625,2026-04-25 07:24:54.331884
2026-03-27,Nifty Metal,11161.650390625,2026-04-25 07:24:54.331884
2026-03-27,Nifty Pharma,22565.599609375,2026-04-25 07:24:54.331884
2026-03-27,Nifty Realty,670.1500244140625,2026-04-25 07:24:54.331884
2026-03-30,Nifty 50,22331.400390625,2026-04-25 07:24:54.331884
2026-03-30,Nifty Auto,23769.599609375,2026-04-25 07:24:54.331884
2026-03-30,Nifty Bank,50275.3515625,2026-04-25 07:24:54.331884
2026-03-30,Nifty Energy,34849.69921875,2026-04-25 07:24:54.331884
2026-03-30,Nifty FMCG,45538.6484375,2026-04-25 07:24:54.331884
2026-03-30,Nifty IT,29062.599609375,2026-04-25 07:24:54.331884
2026-03-30,Nifty Infra,8560.9501953125,2026-04-25 07:24:54.331884
2026-03-30,Nifty Metal,11138.400390625,2026-04-25 07:24:54.331884
2026-03-30,Nifty Pharma,22232.25,2026-04-25 07:24:54.331884
2026-03-30,Nifty Realty,651.1500244140625,2026-04-25 07:24:54.331884
2026-04-01,Nifty 50,22679.400390625,2026-04-25 07:24:54.331884
2026-04-01,Nifty Auto,24238.849609375,2026-04-25 07:24:54.331884
2026-04-01,Nifty Bank,51448.6484375,2026-04-25 07:24:54.331884
2026-04-01,Nifty Energy,35402.8515625,2026-04-25 07:24:54.331884
2026-04-01,Nifty FMCG,46135.94921875,2026-04-25 07:24:54.331884
2026-04-01,Nifty IT,29669.05078125,2026-04-25 07:24:54.331884
2026-04-01,Nifty Infra,8669.099609375,2026-04-25 07:24:54.331884
2026-04-01,Nifty Metal,11412.0498046875,2026-04-25 07:24:54.331884
2026-04-01,Nifty Pharma,22011.599609375,2026-04-25 07:24:54.331884
2026-04-01,Nifty Realty,665.0,2026-04-25 07:24:54.331884
2026-04-02,Nifty 50,22713.099609375,2026-04-25 07:24:54.331884
2026-04-02,Nifty Auto,24089.650390625,2026-04-25 07:24:54.331884
2026-04-02,Nifty Bank,51548.75,2026-04-25 07:24:54.331884
2026-04-02,Nifty Energy,35299.3984375,2026-04-25 07:24:54.331884
2026-04-02,Nifty FMCG,46232.1484375,2026-04-25 07:24:54.331884
2026-04-02,Nifty IT,30441.44921875,2026-04-25 07:24:54.331884
2026-04-02,Nifty Infra,8630.099609375,2026-04-25 07:24:54.331884
2026-04-02,Nifty Metal,11456.599609375,2026-04-25 07:24:54.331884
2026-04-02,Nifty Pharma,21808.400390625,2026-04-25 07:24:54.331884
2026-04-02,Nifty Realty,672.0999755859375,2026-04-25 07:24:54.331884
2026-04-06,Nifty 50,22968.25,2026-04-25 07:24:54.331884
2026-04-06,Nifty Auto,24350.400390625,2026-04-25 07:24:54.331884
2026-04-06,Nifty Bank,52609.1015625,2026-04-25 07:24:54.331884
2026-04-06,Nifty Energy,35388.75,2026-04-25 07:24:54.331884
2026-04-06,Nifty FMCG,46600.05078125,2026-04-25 07:24:54.331884
2026-04-06,Nifty IT,30636.55078125,2026-04-25 07:24:54.331884
2026-04-06,Nifty Infra,8668.7001953125,2026-04-25 07:24:54.331884
2026-04-06,Nifty Metal,11583.5,2026-04-25 07:24:54.331884
2026-04-06,Nifty Pharma,21835.349609375,2026-04-25 07:24:54.331884
2026-04-06,Nifty Realty,687.0999755859375,2026-04-25 07:24:54.331884
2026-04-07,Nifty 50,23123.650390625,2026-04-25 07:24:54.331884
2026-04-07,Nifty Auto,24373.30078125,2026-04-25 07:24:54.331884
2026-04-07,Nifty Bank,52716.25,2026-04-25 07:24:54.331884
2026-04-07,Nifty Energy,35578.25,2026-04-25 07:24:54.331884
2026-04-07,Nifty FMCG,46980.1015625,2026-04-25 07:24:54.331884
2026-04-07,Nifty IT,31403.349609375,2026-04-25 07:24:54.331884
2026-04-07,Nifty Infra,8707.5,2026-04-25 07:24:54.331884
2026-04-07,Nifty Metal,11762.650390625,2026-04-25 07:24:54.331884
2026-04-07,Nifty Pharma,21868.69921875,2026-04-25 07:24:54.331884
2026-04-07,Nifty Realty,698.5999755859375,2026-04-25 07:24:54.331884
2026-04-08,Nifty 50,23997.349609375,2026-04-25 07:24:54.331884
2026-04-08,Nifty Auto,26002.94921875,2026-04-25 07:24:54.331884
2026-04-08,Nifty Bank,55703.8984375,2026-04-25 07:24:54.331884
2026-04-08,Nifty Energy,36469.19921875,2026-04-25 07:24:54.331884
2026-04-08,Nifty FMCG,47704.25,2026-04-25 07:24:54.331884
2026-04-08,Nifty IT,31565.80078125,2026-04-25 07:24:54.331884
2026-04-08,Nifty Infra,9067.2998046875,2026-04-25 07:24:54.331884
2026-04-08,Nifty Metal,12078.9501953125,2026-04-25 07:24:54.331884
2026-04-08,Nifty Pharma,21991.19921875,2026-04-25 07:24:54.331884
2026-04-08,Nifty Realty,745.75,2026-04-25 07:24:54.331884
2026-04-09,Nifty 50,23775.099609375,2026-04-25 07:24:54.331884
2026-04-09,Nifty Auto,25901.900390625,2026-04-25 07:24:54.331884
2026-04-09,Nifty Bank,54821.69921875,2026-04-25 07:24:54.331884
2026-04-09,Nifty Energy,36768.25,2026-04-25 07:24:54.331884
2026-04-09,Nifty FMCG,47640.69921875,2026-04-25 07:24:54.331884
2026-04-09,Nifty IT,31636.19921875,2026-04-25 07:24:54.331884
2026-04-09,Nifty Infra,8999.099609375,2026-04-25 07:24:54.331884
2026-04-09,Nifty Metal,12229.7001953125,2026-04-25 07:24:54.331884
2026-04-09,Nifty Pharma,22135.400390625,2026-04-25 07:24:54.331884
2026-04-09,Nifty Realty,743.75,2026-04-25 07:24:54.331884
2026-04-10,Nifty 50,24050.599609375,2026-04-25 07:24:54.331884
2026-04-10,Nifty Auto,26640.900390625,2026-04-25 07:24:54.331884
2026-04-10,Nifty Bank,55912.75,2026-04-25 07:24:54.331884
2026-04-10,Nifty Energy,37174.6015625,2026-04-25 07:24:54.331884
2026-04-10,Nifty FMCG,48194.05078125,2026-04-25 07:24:54.331884
2026-04-10,Nifty IT,31030.599609375,2026-04-25 07:24:54.331884
2026-04-10,Nifty Infra,9116.75,2026-04-25 07:24:54.331884
2026-04-10,Nifty Metal,12356.400390625,2026-04-25 07:24:54.331884
2026-04-10,Nifty Pharma,22164.849609375,2026-04-25 07:24:54.331884
2026-04-10,Nifty Realty,759.25,2026-04-25 07:24:54.331884
2026-04-13,Nifty 50,23842.650390625,2026-04-25 07:24:54.331884
2026-04-13,Nifty Auto,26084.55078125,2026-04-25 07:24:54.331884
2026-04-13,Nifty Bank,55605.05078125,2026-04-25 07:24:54.331884
2026-04-13,Nifty Energy,37195.05078125,2026-04-25 07:24:54.331884
2026-04-13,Nifty FMCG,47570.3984375,2026-04-25 07:24:54.331884
2026-04-13,Nifty IT,30669.80078125,2026-04-25 07:24:54.331884
2026-04-13,Nifty Infra,9044.0498046875,2026-04-25 07:24:54.331884
2026-04-13,Nifty Metal,12329.2998046875,2026-04-25 07:24:54.331884
2026-04-13,Nifty Pharma,22100.099609375,2026-04-25 07:24:54.331884
2026-04-13,Nifty Realty,757.2000122070312,2026-04-25 07:24:54.331884
2026-04-15,Nifty 50,24231.30078125,2026-04-25 07:24:54.331884
2026-04-15,Nifty Auto,26483.099609375,2026-04-25 07:24:54.331884
2026-04-15,Nifty Bank,56301.94921875,2026-04-25 07:24:54.331884
2026-04-15,Nifty Energy,37993.5,2026-04-25 07:24:54.331884
2026-04-15,Nifty FMCG,48290.3984375,2026-04-25 07:24:54.331884
2026-04-15,Nifty IT,31539.75,2026-04-25 07:24:54.331884
2026-04-15,Nifty Infra,9226.150390625,2026-04-25 07:24:54.331884
2026-04-15,Nifty Metal,12548.0,2026-04-25 07:24:54.331884
2026-04-15,Nifty Pharma,22435.650390625,2026-04-25 07:24:54.331884
2026-04-15,Nifty Realty,776.5499877929688,2026-04-25 07:24:54.331884
2026-04-16,Nifty 50,24196.75,2026-04-25 07:24:54.331884
2026-04-16,Nifty Auto,26382.75,2026-04-25 07:24:54.331884
2026-04-16,Nifty Bank,56086.3984375,2026-04-25 07:24:54.331884
2026-04-16,Nifty Energy,38184.75,2026-04-25 07:24:54.331884
2026-04-16,Nifty FMCG,48377.8984375,2026-04-25 07:24:54.331884
2026-04-16,Nifty IT,31817.5,2026-04-25 07:24:54.331884
2026-04-16,Nifty Infra,9233.599609375,2026-04-25 07:24:54.331884
2026-04-16,Nifty Metal,12740.2001953125,2026-04-25 07:24:54.331884
2026-04-16,Nifty Pharma,22465.0,2026-04-25 07:24:54.331884
2026-04-16,Nifty Realty,779.5499877929688,2026-04-25 07:24:54.331884
2026-04-17,Nifty 50,24353.55078125,2026-04-25 07:24:54.331884
2026-04-17,Nifty Auto,26435.0,2026-04-25 07:24:54.331884
2026-04-17,Nifty Bank,56565.69921875,2026-04-25 07:24:54.331884
2026-04-17,Nifty Energy,38881.75,2026-04-25 07:24:54.331884
2026-04-17,Nifty FMCG,49657.75,2026-04-25 07:24:54.331884
2026-04-17,Nifty IT,31809.849609375,2026-04-25 07:24:54.331884
2026-04-17,Nifty Infra,9311.5,2026-04-25 07:24:54.331884
2026-04-17,Nifty Metal,12880.0,2026-04-25 07:24:54.331884
2026-04-17,Nifty Pharma,22497.25,2026-04-25 07:24:54.331884
2026-04-17,Nifty Realty,786.9000244140625,2026-04-25 07:24:54.331884
2026-04-20,Nifty 50,24364.849609375,2026-04-25 07:24:54.331884
2026-04-20,Nifty Auto,26522.30078125,2026-04-25 07:24:54.331884
2026-04-20,Nifty Bank,56582.3515625,2026-04-25 07:24:54.331884
2026-04-20,Nifty Energy,39184.69921875,2026-04-25 07:24:54.331884
2026-04-20,Nifty FMCG,49555.75,2026-04-25 07:24:54.331884
2026-04-20,Nifty IT,31585.75,2026-04-25 07:24:54.331884
2026-04-20,Nifty Infra,9319.75,2026-04-25 07:24:54.331884
2026-04-20,Nifty Metal,12829.650390625,2026-04-25 07:24:54.331884
2026-04-20,Nifty Pharma,22456.75,2026-04-25 07:24:54.331884
2026-04-20,Nifty Realty,782.0499877929688,2026-04-25 07:24:54.331884
2026-04-21,Nifty 50,24576.599609375,2026-04-25 07:24:54.331884
2026-04-21,Nifty Auto,26625.19921875,2026-04-25 07:24:54.331884
2026-04-21,Nifty Bank,57371.44921875,2026-04-25 07:24:54.331884
2026-04-21,Nifty Energy,39337.19921875,2026-04-25 07:24:54.331884
2026-04-21,Nifty FMCG,50820.1015625,2026-04-25 07:24:54.331884
2026-04-21,Nifty IT,31729.099609375,2026-04-25 07:24:54.331884
2026-04-21,Nifty Infra,9352.099609375,2026-04-25 07:24:54.331884
2026-04-21,Nifty Metal,12835.0,2026-04-25 07:24:54.331884
2026-04-21,Nifty Pharma,22438.44921875,2026-04-25 07:24:54.331884
2026-04-21,Nifty Realty,798.75,2026-04-25 07:24:54.331884
2026-04-22,Nifty 50,24378.099609375,2026-04-25 07:24:54.331884
2026-04-22,Nifty Auto,26450.25,2026-04-25 07:24:54.331884
2026-04-22,Nifty Bank,57124.44921875,2026-04-25 07:24:54.331884
2026-04-22,Nifty Energy,39896.69921875,2026-04-25 07:24:54.331884
2026-04-22,Nifty FMCG,51199.0,2026-04-25 07:24:54.331884
2026-04-22,Nifty IT,30496.25,2026-04-25 07:24:54.331884
2026-04-22,Nifty Infra,9360.150390625,2026-04-25 07:24:54.331884
2026-04-22,Nifty Metal,12892.2001953125,2026-04-25 07:24:54.331884
2026-04-22,Nifty Pharma,22455.44921875,2026-04-25 07:24:54.331884
2026-04-22,Nifty Realty,803.3499755859375,2026-04-25 07:24:54.331884
2026-04-23,Nifty 50,24173.05078125,2026-04-25 07:24:54.331884
2026-04-23,Nifty Auto,25828.099609375,2026-04-25 07:24:54.331884
2026-04-23,Nifty Bank,56305.0,2026-04-25 07:24:54.331884
2026-04-23,Nifty Energy,39996.75,2026-04-25 07:24:54.331884
2026-04-23,Nifty FMCG,51140.5,2026-04-25 07:24:54.331884
2026-04-23,Nifty IT,30124.30078125,2026-04-25 07:24:54.331884
2026-04-23,Nifty Infra,9318.25,2026-04-25 07:24:54.331884
2026-04-23,Nifty Metal,12786.25,2026-04-25 07:24:54.331884
2026-04-23,Nifty Pharma,22986.349609375,2026-04-25 07:24:54.331884
2026-04-23,Nifty Realty,788.6500244140625,2026-04-25 07:24:54.331884
2026-04-24,Nifty 50,23897.94921875,2026-04-25 07:24:54.331884
2026-04-24,Nifty Auto,25652.849609375,2026-04-25 07:24:54.331884
2026-04-24,Nifty Bank,56089.75,2026-04-25 07:24:54.331884
2026-04-24,Nifty Energy,39903.75,2026-04-25 07:24:54.331884
2026-04-24,Nifty FMCG,50766.25,2026-04-25 07:24:54.331884
2026-04-24,Nifty IT,28530.599609375,2026-04-25 07:24:54.331884
2026-04-24,Nifty Infra,9242.0,2026-04-25 07:24:54.331884
2026-04-24,Nifty Metal,12746.650390625,2026-04-25 07:24:54.331884
2026-04-24,Nifty Pharma,22580.099609375,2026-04-25 07:24:54.331884
2026-04-24,Nifty Realty,778.0,2026-04-25 07:24:54.331884
